{"qHyGmQ1T3KF/24UoZtbkjQ==":"logo_1_sak-127x128.png","sYNHI+JnUiuS7s7TuduScw==":"nutrition%20is%20priceless-450x377.png","x8aHzBL+yibN+7RBzwr6PA==":"home_bg-1920x786.jpg","haR1H/JnaV3eOFm46LR8tQ==":"mobile-tx-content-348x208.png","mdGHB5pZ7cFTHIiIGSLUGQ==":"spoom-600x264.jpg","lThUN0MUpZfnR1XqVhOFDQ==":"bg-1920x834.png","lgRi7/zZ+7MXOLzEx/ASSw==":"bannerbg-1915x515.jpg","RATn/N8TbufA0j+qhdU7eg==":"dosa-1605x1070.jpg","Ammz+8QP+IPDk7F/aX5YpQ==":"chilli%20cheese%20toast-480x360.jpg","l93QTJrwIwKxEB1Nn3tlTQ==":"idly2-1600x1066.jpg","he8PZOHD3r9vwWCQYGl2UA==":"kara-puttu-1756x1246.jpg","xxBaR7ks7jDv3KnTGM2S+Q==":"ragi_roti_paratha_recipe_mangalore_karnataka_cuisine_breakfast-13-1300x867.jpg","bGuS0qRRocFvP8jK77YLNg==":"ragi-semiya-curd-bath-670x970.jpg","Hjszj+aSo9AisduNYURDqA==":"rava%20semiya%20upma-2000x1603.jpg","MrGtDjUfGMd13GYMD7tUSw==":"thinai-dosai-copy-1913x1118.jpg","US2R1E/e1GVKeeGG5FV3DA==":"adai_thumb%5B2%5D-500x642.jpg","ZIYcWgLBYmnyqv0dRUzWCQ==":"poori-720x810.jpg","VpavuosO5OOsmp60CTarfQ==":"maxresdefault-2000x1500.jpg","0olqk7KwjHaAXzHIoDUr5Q==":"bg2-1280x344.png","YSTay6KRCYWiemD3/S57+g==":"bg2-1-1280x344.png","0utdu3oIV1OplAEFhGpSxg==":"bg2-1280x343.png","uA1xq0ZCyUGJHlo7pZNdFQ==":"static1.squarespace.com-1500x1000.jpg","X27bZrh/rsgMnfc5+zZeYg==":"logo_1_sak-128x128.png","xiqUPeTHatixH/3XPf3Sxg==":"kids-bg-960x269.png","sC+pjWU+4hKzbSA1jOLjNQ==":"menu_bg-1107x105.png","dRmPdbOOaGNMmga5+PS9uw==":"apple-fruit-fruits-delicious-162806-1500x969.jpg","thPvmK2o8XFSNiGBNqrG+Q==":"pepper-yellow-red-orange-50576-1500x1125.jpg","9WlmqmSHFzGuaXPfS3FBew==":"bread%20butter%20jam%203-1600x1066.jpg","YKh1khHrHY/jaSucKExYSQ==":"channasundal1-1-1200x1111.jpg","qf3Jxy5BTTaPlDsvK/Y1UA==":"boiled%20egg-1280x720.jpg","sBIwrEiuw8/rH30ACcnGHw==":"market2010163-2000x1500.jpg","uSHOIKezBoAGgdDZzvLBIw==":"vegetable%20cut-1280x720.jpg","kdA1KIU7auqcAsukLSuB1A==":"fruits-1000x686.jpg","7j3Q082efK8rU11Ejsfcrw==":"chappti-1600x1200.jpg","tS4ObJFmxFoGGwAPZeo7Og==":"veg%20pulao-1600x1383.jpg","M4HH9HMlVUP1w55FAATYMg==":"lemon%20rice_final2-1600x1203.jpg","w7JNO/0tBmn++q3pmIo85g==":"curd_rice-1200x909.jpg","l7rrv/QX5rvoXgx9uoCf/A==":"chettinad_takkali_sadam_recipe_chettinad_style_tomato_rice-1600x1200.jpg","P15dc0Il9x6Iou5upWHO8w==":"after-1280x720.jpg","krApXg++ibSHYYjI4Q6RYA==":"luch%20box-1280x720.jpg","y+yQyzq0kZ5Bc/kv0CFyIQ==":"lunch%20box%201-1280x720.jpg","0K5zDLzGGRJu39jN9ndhcQ==":"sky-2000x1014.jpg","6rijFNyYtVKl/uL2+o9Ucw==":"1181-203x174.jpg","3E14W91GwoihJYQ2VD6x4Q==":"logo_1_sak-497x500.png","LXv1qkyCJzGhbhnUTxF9OQ==":"school%20delivery-1280x720.png","Vs737aV4n+SDOaeBOwufQQ==":"school%20delivery-756x424.png","T+HPzkhEqxkjeJsTgseXVQ==":"ddd-1280x556.png","U9msY8ILqRvyinETwNb/mw==":"aaa-1280x556.png","vieIHDHgeUxYdBI8HKp4fQ==":"aaa-1-1280x556.png","JxgjKsCtuLrpJnJWh3XkcA==":"bbbb-1280x556.png"}